timestamp_ms,motor1_pwm,motor2_pwm,motor3_pwm,motor4_pwm,pitch_deg,roll_deg,yaw_deg
0,1517,1523,1541,1455,1.79,16.4,0.91
20,1544,1516,1550,1451,-0.5,14.38,0.69
40,1546,1469,1543,1467,2.31,15.52,-0.71
60,1457,1503,1521,1473,0.48,13.98,-0.34
80,1474,1452,1510,1529,2.43,14.53,0.81
100,1517,1532,1477,1470,1.04,14.89,0.55
120,1495,1523,1506,1463,0.05,13.93,0.8
140,1539,1542,1532,1516,1.57,15.09,0.47
160,1530,1518,1468,1522,3.36,13.38,1.22
180,1493,1458,1530,1536,2.82,13.62,0.85
200,1462,1461,1496,1455,1.49,14.55,-0.47
220,1518,1509,1475,1531,4.53,13.26,1.33
240,1489,1511,1536,1541,2.44,13.4,0.8
260,1534,1496,1547,1527,4.51,15.87,-0.06
280,1495,1526,1536,1462,5.15,15.2,-0.22
300,1509,1548,1450,1482,2.53,12.4,1.05
320,1473,1450,1501,1450,5.67,14.74,0.37
340,1541,1523,1541,1501,3.44,15.91,-0.07
360,1544,1545,1457,1537,6.1,12.54,1.68
380,1531,1487,1522,1489,6.25,13.76,1.49
400,1464,1498,1484,1512,6.44,13.38,0.22
420,1464,1454,1550,1509,7.31,12.09,1.57
440,1499,1509,1469,1481,5.3,14.85,1.47
460,1512,1473,1454,1470,7.62,13.46,0.65
480,1476,1450,1528,1459,6.1,13.13,1.54
500,1499,1498,1475,1502,5.34,11.54,1.29
520,1542,1474,1459,1455,8.7,11.72,1.19
540,1492,1522,1544,1511,9.41,13.85,0.77
560,1502,1498,1489,1456,9.34,12.92,2.09
580,1518,1451,1531,1540,10.11,14.55,1.59
600,1524,1486,1529,1452,10.46,12.28,1.63
620,1491,1523,1493,1496,9.97,13.72,1.1
640,1519,1461,1460,1483,8.72,10.09,0.62
660,1490,1496,1494,1509,8.45,12.56,2.38
680,1492,1524,1529,1514,9.88,10.05,2.28
700,1474,1524,1523,1518,10.67,10.95,2.65
720,1461,1549,1526,1490,10.57,11.01,1.82
740,1513,1454,1548,1495,9.77,12.95,2.03
760,1481,1452,1550,1527,8.79,9.76,0.96
780,1538,1539,1487,1517,10.13,10.91,1.08
800,1473,1469,1463,1547,10.98,12.28,0.96
820,1517,1504,1535,1521,11.16,9.68,2.3
840,1534,1506,1507,1489,10.74,9.1,1.24
860,1522,1477,1450,1512,11.26,8.94,2.71
880,1506,1546,1453,1520,11.91,9.57,2.14
900,1486,1513,1514,1452,13.72,10.62,2.69
920,1462,1541,1533,1527,12.1,7.09,2.27
940,1523,1480,1509,1510,13.93,9.68,2.3
960,1451,1479,1461,1509,14.09,9.91,1.73
980,1472,1497,1506,1476,13.23,10.17,2.51
1000,1486,1491,1464,1535,13.91,6.76,2.71
1020,1524,1494,1493,1516,12.16,9.58,2.31
1040,1536,1497,1537,1459,13.78,7.05,1.54
1060,1500,1451,1511,1533,11.76,5.87,3.42
1080,1522,1459,1536,1451,13.55,8.89,2.26
1100,1468,1450,1482,1467,13.91,5.48,2.39
1120,1538,1463,1540,1520,14.53,7.22,2.0
1140,1550,1546,1529,1523,15.56,4.71,2.63
1160,1501,1491,1464,1505,15.66,7.4,2.55
1180,1529,1467,1462,1541,13.88,3.92,3.78
1200,1479,1494,1525,1499,14.0,6.47,2.88
1220,1475,1543,1456,1461,13.27,4.46,3.06
1240,1506,1469,1522,1479,13.42,5.36,2.1
1260,1458,1520,1497,1484,13.43,5.57,3.67
1280,1499,1513,1472,1475,16.09,2.62,2.06
1300,1548,1521,1484,1496,15.26,3.48,3.31
1320,1458,1507,1493,1486,14.46,4.07,3.62
1340,1531,1480,1472,1465,13.14,4.0,2.99
1360,1466,1495,1521,1549,15.77,2.91,2.73
1380,1537,1476,1532,1550,13.91,3.83,3.8
1400,1526,1527,1461,1472,15.84,2.31,2.53
1420,1477,1508,1463,1456,13.88,0.97,3.35
1440,1451,1539,1472,1502,15.44,2.26,3.2
1460,1457,1453,1464,1459,16.66,1.53,4.02
1480,1492,1501,1533,1480,14.33,0.32,4.1
1500,1460,1478,1488,1477,14.37,1.93,4.24
1520,1509,1495,1475,1483,16.17,1.58,3.39
1540,1520,1543,1476,1513,13.05,0.45,2.63
1560,1514,1547,1496,1458,13.17,-1.04,3.14
1580,1458,1528,1543,1483,14.51,-2.11,2.62
1600,1471,1502,1496,1546,13.19,0.21,3.68
1620,1527,1538,1524,1542,16.6,-1.46,3.98
1640,1478,1546,1522,1530,14.29,-1.05,3.59
1660,1485,1539,1513,1522,15.27,-2.58,3.49
1680,1477,1544,1475,1455,16.03,-1.69,3.57
1700,1453,1469,1476,1528,13.04,-0.54,4.53
1720,1538,1458,1501,1503,13.62,-1.68,3.58
1740,1457,1474,1476,1461,13.77,-4.28,4.79
1760,1466,1543,1517,1516,16.53,-2.7,3.2
1780,1546,1476,1517,1499,14.22,-3.47,3.27
1800,1476,1518,1460,1470,13.1,-3.14,3.03
1820,1517,1526,1476,1542,15.28,-3.84,3.59
1840,1505,1473,1490,1526,16.43,-5.61,4.22
1860,1459,1531,1528,1533,15.42,-3.75,4.5
1880,1502,1507,1461,1496,12.35,-3.05,3.54
1900,1506,1479,1539,1522,15.7,-4.35,3.25
1920,1535,1489,1532,1450,15.2,-5.61,4.28
1940,1476,1481,1463,1543,14.71,-3.63,5.03
1960,1540,1472,1515,1510,14.41,-5.3,4.5
1980,1523,1469,1475,1486,13.72,-6.13,4.31
2000,1497,1547,1500,1465,14.56,-7.81,4.24
2020,1512,1532,1497,1454,14.72,-4.68,4.69
2040,1478,1506,1537,1516,12.2,-4.82,3.58
2060,1546,1535,1532,1483,13.32,-8.26,4.92
2080,1476,1468,1454,1546,11.52,-6.71,4.02
2100,1466,1511,1488,1546,13.41,-8.09,5.03
2120,1517,1488,1508,1466,14.7,-9.19,3.73
2140,1481,1545,1468,1481,11.32,-7.55,3.82
2160,1545,1523,1495,1508,13.44,-9.01,4.6
2180,1477,1550,1541,1482,10.76,-10.09,5.06
2200,1458,1494,1547,1545,12.88,-10.21,4.46
2220,1537,1466,1469,1536,10.73,-10.74,4.23
2240,1516,1468,1535,1500,12.15,-7.64,3.9
2260,1546,1537,1528,1548,11.46,-10.99,5.48
2280,1520,1490,1478,1530,12.64,-10.96,5.47
2300,1495,1509,1478,1456,10.2,-8.22,3.95
2320,1487,1550,1541,1487,12.12,-9.99,4.86
2340,1476,1500,1492,1498,12.54,-11.71,5.17
2360,1513,1493,1515,1486,8.71,-10.25,5.35
2380,1511,1483,1460,1530,10.73,-9.75,3.73
2400,1538,1526,1509,1530,10.12,-13.04,4.84
2420,1458,1467,1464,1489,10.89,-11.36,4.76
2440,1497,1518,1486,1472,7.94,-12.74,5.28
2460,1501,1467,1519,1499,10.73,-9.77,5.14
2480,1475,1450,1518,1522,8.67,-12.34,5.24
2500,1451,1481,1549,1471,10.87,-10.37,5.17
2520,1544,1485,1514,1455,9.19,-13.55,5.39
2540,1451,1457,1480,1516,8.61,-12.33,5.19
2560,1507,1540,1537,1485,9.69,-12.1,4.75
2580,1526,1489,1508,1500,7.12,-11.9,4.37
2600,1507,1540,1459,1479,5.85,-12.62,5.73
2620,1522,1492,1492,1479,7.54,-14.35,4.32
2640,1491,1511,1455,1497,7.27,-14.48,4.73
2660,1546,1469,1507,1506,7.87,-15.04,4.51
2680,1534,1536,1481,1477,4.8,-13.93,5.62
2700,1525,1529,1487,1457,8.35,-13.99,5.56
2720,1489,1523,1487,1487,6.51,-14.98,4.03
2740,1470,1473,1535,1541,4.42,-12.41,3.93
2760,1525,1529,1502,1481,4.74,-12.99,5.27
2780,1542,1506,1510,1485,4.06,-14.67,4.88
2800,1530,1496,1459,1475,3.09,-15.73,4.13
2820,1496,1502,1515,1480,2.99,-15.9,4.39
2840,1468,1501,1539,1513,4.05,-13.09,4.93
2860,1501,1508,1491,1482,5.58,-13.62,5.67
2880,1543,1500,1468,1548,3.71,-13.29,5.27
2900,1492,1459,1503,1539,1.99,-15.04,4.63
2920,1476,1542,1532,1486,1.83,-14.7,5.45
2940,1469,1547,1492,1532,2.54,-14.42,5.05
2960,1479,1529,1527,1519,1.85,-15.55,5.3
2980,1530,1519,1547,1486,4.13,-13.27,4.89
3000,1545,1532,1464,1545,2.9,-12.97,5.86
3020,1464,1532,1542,1460,1.86,-16.64,4.7
3040,1450,1495,1549,1519,0.67,-13.01,4.24
3060,1537,1550,1527,1547,2.83,-15.89,4.07
3080,1483,1490,1455,1471,2.63,-16.41,5.08
3100,1525,1461,1467,1520,0.24,-16.44,4.75
3120,1498,1512,1484,1470,1.23,-14.69,5.01
3140,1496,1450,1501,1499,-0.62,-16.19,5.14
3160,1487,1512,1525,1545,-1.45,-14.6,5.87
3180,1452,1472,1489,1528,-0.1,-14.19,4.22
3200,1500,1462,1506,1509,-0.4,-15.36,4.33
3220,1490,1450,1514,1518,0.32,-13.08,5.12
3240,1538,1532,1498,1529,-2.95,-13.15,4.43
3260,1473,1512,1513,1479,-3.01,-15.1,4.7
3280,1470,1469,1491,1494,-0.18,-13.02,4.11
3300,1515,1468,1542,1536,-2.11,-13.31,4.82
3320,1466,1483,1479,1469,-2.34,-14.61,4.22
3340,1478,1499,1506,1466,-2.97,-13.42,5.4
3360,1527,1484,1526,1455,-4.98,-14.74,4.25
3380,1550,1550,1519,1515,-2.52,-12.67,5.35
3400,1524,1505,1504,1544,-2.53,-12.71,5.42
3420,1499,1533,1517,1475,-3.65,-15.72,4.39
3440,1451,1450,1453,1468,-5.45,-13.15,4.66
3460,1497,1514,1532,1470,-5.62,-12.91,3.98
3480,1538,1510,1543,1548,-4.08,-16.07,4.13
3500,1526,1510,1467,1479,-4.16,-14.61,5.67
3520,1507,1468,1534,1462,-5.49,-14.13,5.41
3540,1548,1516,1473,1516,-6.43,-12.46,5.8
3560,1488,1460,1539,1454,-5.76,-13.58,4.13
3580,1493,1477,1483,1485,-5.52,-13.43,5.59
3600,1457,1506,1492,1513,-7.44,-12.6,4.81
3620,1461,1462,1533,1475,-6.81,-14.81,4.7
3640,1522,1549,1465,1500,-5.35,-12.43,4.26
3660,1542,1531,1457,1458,-7.14,-13.59,5.61
3680,1502,1481,1464,1538,-8.21,-13.58,4.62
3700,1503,1498,1505,1544,-9.13,-14.34,4.66
3720,1498,1477,1457,1470,-8.04,-10.6,4.95
3740,1513,1509,1461,1548,-8.72,-13.9,5.41
3760,1513,1481,1493,1527,-7.44,-13.75,5.48
3780,1451,1505,1511,1530,-9.2,-10.18,5.25
3800,1530,1456,1548,1530,-10.43,-10.75,3.78
3820,1501,1521,1505,1523,-7.8,-12.29,4.72
3840,1471,1503,1490,1503,-10.37,-11.7,5.57
3860,1460,1458,1458,1550,-10.17,-12.83,4.52
3880,1457,1486,1549,1467,-11.17,-12.92,3.9
3900,1537,1471,1459,1465,-10.43,-12.45,4.86
3920,1457,1535,1469,1506,-10.43,-8.78,3.67
3940,1469,1474,1513,1547,-9.88,-12.04,4.51
3960,1472,1472,1477,1450,-11.23,-9.06,4.73
3980,1531,1474,1504,1509,-10.66,-11.46,4.07
4000,1508,1521,1483,1549,-11.59,-9.83,4.98
4020,1542,1489,1456,1547,-12.3,-9.28,4.54
4040,1543,1454,1497,1461,-12.02,-7.79,3.98
4060,1450,1500,1481,1478,-11.79,-7.43,4.86
4080,1488,1459,1491,1543,-10.21,-9.02,4.99
4100,1529,1549,1500,1492,-10.34,-8.81,4.8
4120,1500,1503,1457,1534,-12.01,-8.76,4.2
4140,1523,1471,1507,1500,-12.34,-7.17,5.29
4160,1485,1485,1466,1523,-13.85,-6.87,4.79
4180,1474,1529,1506,1502,-12.9,-7.89,4.88
4200,1532,1461,1540,1550,-14.93,-8.49,4.05
4220,1544,1534,1464,1534,-14.24,-8.35,3.73
4240,1529,1453,1523,1480,-14.02,-6.23,4.83
4260,1503,1456,1458,1467,-12.01,-7.16,4.17
4280,1460,1474,1511,1498,-15.57,-6.74,3.82
4300,1543,1468,1533,1550,-13.93,-4.79,3.99
4320,1499,1505,1450,1504,-12.73,-7.52,4.74
4340,1498,1455,1549,1503,-13.22,-6.2,4.61
4360,1487,1497,1514,1505,-16.01,-6.76,5.02
4380,1512,1522,1547,1519,-14.45,-5.08,3.16
4400,1536,1526,1460,1457,-14.67,-4.49,4.95
4420,1467,1466,1497,1517,-13.63,-4.06,4.33
4440,1474,1529,1482,1472,-14.31,-5.17,4.18
4460,1451,1464,1452,1482,-15.3,-5.14,3.93
4480,1477,1501,1500,1499,-13.86,-4.49,3.4
4500,1459,1458,1475,1479,-14.03,-2.98,3.51
4520,1524,1516,1523,1535,-16.62,-1.99,4.26
4540,1513,1496,1516,1519,-13.96,-1.58,4.24
4560,1501,1473,1523,1478,-12.96,-1.93,4.12
4580,1469,1512,1535,1484,-13.42,-1.81,4.03
4600,1456,1518,1512,1545,-13.1,-1.31,4.05
4620,1520,1475,1537,1509,-16.65,-0.07,4.49
4640,1535,1509,1505,1455,-16.51,-2.62,3.81
4660,1469,1550,1472,1454,-14.77,1.12,3.63
4680,1484,1534,1550,1512,-15.96,-0.45,4.37
4700,1516,1534,1512,1482,-15.47,-0.12,3.06
4720,1460,1512,1530,1547,-15.83,2.09,2.69
4740,1510,1543,1545,1491,-15.7,1.73,3.08
4760,1528,1479,1492,1502,-16.61,2.12,3.87
4780,1451,1473,1486,1460,-16.51,2.33,3.14
4800,1541,1501,1461,1538,-14.51,-0.01,3.57
4820,1482,1518,1468,1534,-13.8,-0.06,2.52
4840,1533,1461,1513,1475,-13.48,2.13,3.16
4860,1529,1542,1545,1537,-13.34,3.97,3.1
4880,1478,1498,1542,1544,-14.44,1.45,2.87
4900,1519,1458,1535,1467,-13.9,4.06,2.85
4920,1475,1510,1475,1479,-13.09,2.71,2.88
4940,1468,1528,1550,1485,-15.24,4.2,3.33
4960,1487,1490,1508,1531,-16.52,2.04,2.81
4980,1499,1493,1523,1530,-13.84,5.67,2.37
5000,1479,1499,1476,1524,-14.35,2.75,3.61
5020,1460,1498,1496,1456,-12.43,3.59,2.54
5040,1474,1462,1524,1524,-16.11,3.99,3.65
5060,1503,1503,1498,1534,-13.75,4.04,2.98
5080,1546,1531,1550,1451,-12.02,6.73,2.78
5100,1495,1466,1485,1465,-13.42,5.12,3.33
5120,1516,1537,1468,1535,-14.98,4.91,1.78
5140,1525,1550,1520,1491,-13.79,5.43,2.96
5160,1540,1536,1484,1454,-14.32,4.78,2.1
5180,1475,1533,1466,1504,-13.21,5.16,2.7
5200,1502,1483,1471,1476,-13.36,6.0,2.81
5220,1512,1483,1524,1471,-11.47,8.15,3.39
5240,1535,1468,1541,1536,-13.46,6.8,1.98
5260,1530,1461,1518,1514,-12.96,7.6,2.84
5280,1480,1460,1491,1475,-10.97,6.45,2.48
5300,1515,1495,1549,1504,-13.43,7.74,3.03
5320,1508,1518,1482,1478,-10.44,8.61,1.5
5340,1502,1461,1545,1519,-11.74,8.33,1.94
5360,1482,1471,1463,1451,-11.06,9.67,2.28
5380,1518,1467,1521,1453,-13.18,8.0,2.54
5400,1527,1502,1548,1482,-12.45,7.82,3.02
5420,1494,1534,1547,1461,-9.64,9.62,2.46
5440,1542,1532,1475,1508,-10.19,8.57,2.84
5460,1510,1508,1524,1503,-11.09,9.26,1.82
5480,1457,1473,1542,1480,-10.33,10.05,2.47
5500,1539,1545,1505,1482,-10.95,12.21,0.99
5520,1537,1535,1452,1470,-9.37,10.65,1.66
5540,1519,1544,1466,1543,-8.69,11.96,1.31
5560,1500,1527,1538,1506,-9.26,10.24,1.3
5580,1525,1539,1544,1463,-9.08,9.87,1.53
5600,1545,1524,1467,1476,-7.64,11.5,1.94
5620,1515,1506,1458,1475,-10.53,11.96,1.85
5640,1534,1546,1536,1515,-8.05,10.28,1.98
5660,1492,1474,1470,1495,-7.35,12.49,1.65
5680,1549,1469,1508,1519,-7.1,12.21,2.34
5700,1467,1507,1477,1528,-7.27,12.07,2.05
5720,1478,1531,1483,1550,-9.94,11.52,0.88
5740,1522,1505,1526,1533,-6.99,13.95,0.41
5760,1482,1462,1535,1474,-6.53,11.32,1.45
5780,1488,1538,1464,1501,-8.79,13.76,1.23
5800,1530,1541,1514,1526,-5.68,13.58,0.39
5820,1476,1509,1492,1474,-4.96,13.35,1.25
5840,1524,1472,1545,1473,-5.13,14.32,1.19
5860,1466,1525,1545,1468,-5.35,13.38,1.4
5880,1538,1500,1510,1450,-7.3,12.64,1.59
5900,1466,1540,1523,1491,-6.95,14.93,1.72
5920,1527,1466,1507,1547,-4.73,13.16,1.67
5940,1511,1520,1492,1472,-3.23,13.36,0.41
5960,1457,1521,1509,1498,-6.3,14.46,0.22
5980,1500,1476,1454,1528,-4.6,13.94,0.89
6000,1480,1512,1548,1475,-4.85,14.39,1.21
6020,1489,1471,1476,1529,-3.84,13.79,1.55
6040,1515,1531,1550,1519,-2.35,15.3,-0.24
6060,1488,1518,1496,1488,-1.86,13.65,0.59
6080,1543,1542,1515,1495,-3.68,13.12,0.55
6100,1525,1500,1450,1482,-3.13,14.11,0.01
6120,1475,1487,1464,1515,-1.47,14.3,0.77
6140,1471,1489,1465,1503,-1.71,15.83,0.84
6160,1513,1500,1483,1494,-1.08,15.69,0.53
6180,1544,1479,1507,1534,-2.99,16.23,0.96
6200,1489,1459,1541,1468,-0.6,13.78,0.16
6220,1529,1481,1527,1517,0.71,16.08,0.87
6240,1469,1543,1485,1453,-1.89,15.03,-0.78
6260,1496,1463,1477,1500,-1.05,14.83,-0.57
6280,1504,1451,1497,1546,-0.05,15.42,-0.06
6300,1488,1467,1518,1493,0.68,13.78,0.45
6320,1517,1500,1530,1513,0.18,13.87,0.09
6340,1550,1529,1470,1543,1.7,16.09,0.0
6360,1460,1522,1546,1499,-0.13,13.52,-0.69
6380,1453,1491,1490,1472,-0.13,14.4,0.36
6400,1533,1452,1462,1500,1.09,16.18,0.12
6420,1464,1540,1484,1526,0.23,13.14,0.01
6440,1463,1515,1521,1546,0.53,14.41,-0.19
6460,1488,1460,1518,1504,1.26,12.95,-0.78
6480,1523,1474,1459,1488,2.83,12.93,-0.06
6500,1480,1514,1500,1479,2.6,14.08,0.01
6520,1515,1538,1505,1501,4.66,15.45,0.22
6540,1532,1473,1453,1510,2.38,12.9,-1.39
6560,1480,1533,1548,1450,5.26,14.06,-0.01
6580,1525,1504,1495,1500,3.45,12.76,-0.22
6600,1487,1453,1501,1535,6.01,15.39,-1.64
6620,1527,1505,1532,1495,3.92,12.2,0.12
6640,1496,1499,1491,1476,3.76,14.33,-1.89
6660,1518,1484,1539,1456,5.08,15.08,-1.6
6680,1541,1480,1486,1489,6.94,15.16,-0.24
6700,1541,1546,1513,1535,5.98,12.54,-0.72
6720,1452,1493,1547,1528,4.69,14.55,-1.97
6740,1538,1476,1539,1518,8.3,13.47,-1.44
6760,1464,1545,1524,1520,4.99,14.63,-2.0
6780,1478,1534,1471,1531,6.46,11.57,-0.26
6800,1525,1482,1513,1544,7.79,13.99,-0.52
6820,1460,1498,1495,1465,7.7,13.1,-0.96
6840,1453,1492,1517,1534,7.74,11.81,-1.85
6860,1499,1545,1507,1548,9.89,14.3,-1.31
6880,1514,1488,1503,1543,6.74,11.14,-2.4
6900,1462,1540,1542,1472,7.26,11.63,-1.7
6920,1510,1450,1498,1536,10.33,13.48,-2.05
6940,1456,1527,1459,1482,8.38,12.37,-1.11
6960,1452,1531,1475,1488,8.99,11.79,-1.88
6980,1521,1522,1510,1483,8.66,9.56,-1.18
7000,1548,1512,1460,1524,10.44,10.74,-1.48
7020,1516,1513,1502,1510,9.7,11.89,-0.87
7040,1499,1525,1513,1466,9.52,10.97,-2.39
7060,1450,1500,1494,1483,12.39,11.57,-1.92
7080,1468,1462,1520,1520,12.72,11.85,-2.46
7100,1469,1496,1525,1513,10.13,9.66,-2.82
7120,1478,1450,1470,1547,9.77,10.71,-1.82
7140,1490,1514,1545,1508,10.17,9.72,-1.43
7160,1476,1454,1523,1474,12.65,11.45,-1.36
7180,1473,1511,1521,1473,10.08,9.96,-1.67
7200,1530,1514,1485,1470,12.84,10.75,-2.07
7220,1453,1456,1463,1457,11.53,9.02,-1.51
7240,1488,1513,1516,1470,13.05,8.96,-2.99
7260,1465,1535,1486,1464,10.66,6.98,-3.13
7280,1469,1522,1501,1457,12.27,7.01,-3.34
7300,1536,1453,1528,1523,14.27,9.45,-3.07
7320,1524,1503,1451,1532,12.97,6.72,-3.06
7340,1511,1536,1475,1490,12.48,6.29,-2.08
7360,1456,1528,1479,1456,14.51,8.38,-2.36
7380,1522,1457,1464,1532,13.2,7.09,-2.47
7400,1476,1503,1466,1529,12.96,6.47,-3.07
7420,1519,1484,1507,1548,11.95,5.92,-3.39
7440,1531,1518,1485,1524,15.7,7.61,-3.29
7460,1506,1527,1512,1477,15.17,4.47,-3.2
7480,1511,1455,1481,1514,12.04,5.75,-3.25
7500,1503,1492,1537,1470,15.72,5.04,-3.7
7520,1491,1529,1473,1487,14.27,3.92,-3.42
7540,1458,1455,1455,1548,12.59,5.18,-3.48
7560,1493,1513,1541,1462,14.34,3.64,-3.06
7580,1488,1507,1525,1527,12.91,3.92,-3.52
7600,1527,1454,1494,1506,15.19,4.84,-3.86
7620,1532,1464,1522,1534,15.44,2.03,-3.49
7640,1481,1532,1519,1521,15.32,3.71,-2.51
7660,1473,1532,1527,1543,14.16,3.21,-3.04
7680,1495,1486,1526,1533,14.52,1.36,-3.79
7700,1539,1540,1507,1539,13.85,3.81,-3.85
7720,1528,1529,1516,1528,13.49,3.9,-2.4
7740,1547,1517,1508,1504,13.85,1.31,-3.4
7760,1465,1529,1533,1458,15.54,0.97,-3.38
7780,1546,1530,1532,1487,13.54,2.57,-2.73
7800,1526,1471,1515,1511,15.99,2.27,-2.55
7820,1455,1513,1535,1459,14.15,0.77,-4.37
7840,1516,1481,1517,1495,16.02,-0.84,-3.61
7860,1541,1498,1531,1523,15.58,1.47,-4.12
7880,1505,1526,1528,1508,14.7,-0.15,-3.24
7900,1537,1501,1528,1476,14.16,0.53,-3.08
7920,1498,1468,1456,1529,13.99,0.22,-4.02
7940,1549,1480,1468,1497,16.68,-0.73,-3.64
7960,1514,1458,1544,1468,16.68,-3.14,-3.44
7980,1465,1508,1503,1476,14.65,-1.32,-2.97
8000,1544,1456,1456,1455,14.82,-0.74,-4.47
8020,1464,1523,1474,1487,13.01,-0.73,-3.72
8040,1486,1542,1477,1495,13.39,-0.99,-3.46
8060,1494,1457,1454,1481,15.13,-2.26,-3.63
8080,1476,1528,1456,1451,16.12,-4.14,-3.03
8100,1456,1541,1523,1503,14.17,-3.31,-4.45
8120,1486,1496,1504,1450,13.24,-4.56,-4.25
8140,1523,1509,1466,1543,15.86,-6.08,-3.69
8160,1479,1521,1510,1474,13.8,-5.87,-4.92
8180,1548,1481,1478,1504,13.76,-4.84,-4.47
8200,1510,1529,1502,1492,12.53,-4.67,-4.86
8220,1469,1484,1549,1450,15.65,-5.74,-4.18
8240,1507,1492,1482,1508,12.21,-5.63,-3.82
8260,1499,1508,1501,1485,13.54,-7.31,-3.97
8280,1517,1485,1480,1524,11.7,-6.88,-3.79
8300,1476,1466,1522,1533,11.66,-6.54,-4.09
8320,1490,1454,1497,1472,12.33,-6.95,-4.59
8340,1466,1547,1533,1500,13.33,-8.0,-4.91
8360,1459,1481,1453,1513,14.63,-8.15,-4.39
8380,1505,1452,1522,1456,14.86,-7.39,-4.65
8400,1484,1492,1500,1526,12.98,-7.86,-4.85
8420,1541,1544,1529,1484,12.19,-8.82,-5.08
8440,1459,1523,1477,1453,13.35,-7.13,-3.48
8460,1457,1540,1491,1542,13.31,-8.14,-5.05
8480,1481,1500,1547,1462,12.82,-10.44,-3.9
8500,1476,1481,1488,1544,11.11,-10.2,-3.73
8520,1507,1550,1459,1526,11.58,-8.66,-3.55
8540,1483,1534,1532,1466,10.66,-11.16,-4.89
8560,1481,1459,1493,1485,13.16,-11.51,-4.03
8580,1502,1452,1538,1507,13.1,-11.51,-3.6
8600,1478,1461,1472,1533,11.5,-11.5,-4.93
8620,1500,1523,1526,1526,11.31,-8.75,-3.94
8640,1537,1541,1493,1514,10.27,-9.05,-3.89
8660,1471,1508,1550,1511,11.26,-11.23,-3.92
8680,1549,1523,1474,1471,9.74,-9.43,-4.87
8700,1548,1457,1476,1517,10.15,-13.09,-5.45
8720,1483,1501,1467,1503,7.97,-9.97,-3.82
8740,1450,1480,1531,1487,7.76,-10.42,-4.15
8760,1523,1541,1500,1464,8.94,-13.15,-4.2
8780,1496,1529,1529,1465,7.08,-11.01,-4.67
8800,1524,1548,1489,1487,7.88,-10.96,-5.42
8820,1519,1486,1514,1494,6.54,-11.05,-5.34
8840,1475,1481,1467,1500,9.57,-13.35,-3.8
8860,1487,1527,1518,1482,6.15,-11.33,-5.43
8880,1529,1497,1466,1502,6.97,-11.13,-4.4
8900,1546,1459,1468,1539,6.29,-14.03,-5.03
8920,1453,1503,1504,1538,6.62,-14.29,-4.75
8940,1478,1510,1528,1540,5.22,-12.31,-4.51
8960,1512,1512,1526,1523,7.38,-12.92,-3.92
8980,1546,1537,1546,1536,5.33,-14.08,-4.86
9000,1498,1514,1534,1499,6.19,-13.65,-5.05
9020,1478,1494,1484,1485,7.27,-15.04,-5.57
9040,1475,1452,1469,1463,6.38,-12.02,-5.66
9060,1473,1514,1507,1512,7.01,-14.28,-4.22
9080,1454,1518,1478,1497,6.55,-14.93,-4.86
9100,1540,1483,1530,1486,4.59,-14.02,-3.95
9120,1498,1540,1536,1544,6.1,-15.69,-5.7
9140,1500,1534,1508,1503,5.99,-12.8,-4.57
9160,1470,1547,1467,1463,5.03,-15.59,-5.93
9180,1488,1471,1492,1450,1.81,-14.98,-4.01
9200,1540,1486,1454,1451,4.86,-12.66,-4.77
9220,1468,1471,1518,1517,4.46,-16.04,-5.49
9240,1453,1459,1512,1456,4.03,-16.47,-4.76
9260,1488,1508,1522,1496,2.64,-14.39,-5.05
9280,1523,1530,1493,1517,4.08,-13.87,-4.7
9300,1476,1481,1464,1527,2.19,-16.1,-5.49
9320,1487,1454,1466,1533,1.63,-14.45,-5.56
9340,1540,1519,1545,1520,0.37,-16.38,-4.49
9360,1548,1528,1538,1459,-0.52,-16.51,-4.66
9380,1452,1503,1474,1499,1.42,-15.65,-4.51
9400,1487,1546,1472,1467,1.56,-13.86,-4.41
9420,1484,1545,1470,1470,-0.03,-13.39,-5.62
9440,1507,1482,1455,1538,-1.87,-14.89,-5.31
9460,1464,1470,1463,1518,1.14,-13.39,-5.3
9480,1545,1516,1495,1470,0.13,-14.97,-4.32
9500,1480,1467,1546,1515,-0.93,-16.3,-4.54
9520,1522,1528,1491,1521,-1.76,-15.19,-4.33
9540,1454,1519,1451,1510,-1.31,-13.71,-4.29
9560,1477,1505,1500,1454,-3.35,-14.47,-4.48
9580,1477,1460,1540,1504,-1.28,-14.87,-5.95
9600,1481,1521,1511,1545,-2.64,-12.94,-4.34
9620,1491,1468,1482,1496,-4.38,-15.91,-4.86
9640,1469,1543,1464,1465,-2.59,-16.05,-4.35
9660,1496,1457,1467,1548,-2.96,-16.18,-5.49
9680,1518,1517,1454,1456,-1.83,-15.2,-5.0
9700,1477,1548,1547,1536,-3.46,-15.67,-3.99
9720,1493,1546,1479,1498,-6.11,-15.76,-4.16
9740,1486,1514,1497,1524,-5.05,-13.52,-5.01
9760,1471,1519,1501,1509,-6.06,-14.42,-5.48
9780,1527,1459,1504,1489,-7.16,-12.43,-4.02
9800,1500,1526,1505,1475,-6.89,-13.96,-5.51
9820,1489,1506,1517,1521,-6.29,-15.7,-4.35
9840,1500,1499,1508,1531,-7.28,-12.21,-5.4
9860,1507,1525,1483,1503,-5.79,-14.93,-5.47
9880,1547,1542,1538,1546,-6.01,-14.32,-4.89
9900,1511,1513,1471,1456,-7.75,-14.82,-5.44
9920,1505,1531,1549,1517,-6.64,-14.53,-5.4
9940,1536,1452,1479,1531,-7.75,-12.21,-5.23
9960,1474,1453,1496,1492,-7.42,-11.56,-4.53
9980,1481,1548,1461,1467,-8.98,-14.38,-4.35
10000,1475,1457,1491,1538,-8.99,-13.38,-4.04
10020,1459,1451,1465,1548,-6.92,-13.56,-4.7
10040,1533,1545,1528,1477,-9.33,-13.5,-4.65
10060,1526,1476,1537,1515,-10.31,-13.42,-5.58
10080,1485,1530,1451,1511,-8.85,-11.52,-3.88
10100,1516,1549,1537,1545,-9.62,-13.35,-4.27
10120,1469,1507,1462,1486,-8.77,-10.07,-5.58
10140,1508,1514,1484,1480,-8.34,-11.9,-4.67
10160,1467,1475,1460,1503,-11.14,-10.88,-4.75
10180,1537,1481,1498,1487,-9.45,-9.75,-4.36
10200,1539,1499,1526,1479,-10.48,-9.11,-4.93
10220,1536,1540,1537,1456,-9.97,-11.46,-4.89
10240,1491,1524,1547,1548,-10.14,-12.0,-5.44
10260,1501,1540,1474,1525,-9.77,-10.86,-3.84
10280,1499,1452,1495,1510,-10.22,-9.91,-4.98
10300,1526,1499,1523,1513,-12.31,-7.73,-3.56
10320,1488,1475,1477,1480,-12.82,-9.47,-3.85
10340,1464,1493,1532,1526,-10.38,-10.13,-4.47
10360,1491,1490,1503,1487,-13.01,-7.2,-3.82
10380,1513,1517,1487,1504,-13.74,-8.78,-3.76
10400,1544,1462,1455,1507,-12.78,-8.96,-4.7
10420,1450,1500,1496,1509,-13.9,-9.66,-4.52
10440,1486,1508,1487,1493,-12.84,-6.46,-5.24
10460,1480,1514,1499,1459,-12.63,-5.68,-4.31
10480,1465,1520,1466,1479,-14.29,-7.21,-4.84
10500,1506,1481,1537,1458,-13.91,-7.72,-3.62
10520,1503,1545,1489,1456,-14.26,-5.38,-4.88
10540,1461,1544,1500,1474,-12.46,-6.83,-4.31
10560,1492,1465,1476,1450,-14.24,-6.04,-3.64
10580,1512,1520,1522,1495,-12.66,-4.13,-5.05
10600,1489,1502,1491,1545,-15.06,-6.26,-3.49
10620,1548,1488,1513,1473,-13.82,-7.43,-3.3
10640,1482,1475,1512,1489,-14.94,-6.15,-4.35
10660,1545,1459,1466,1530,-14.07,-6.87,-3.67
10680,1498,1474,1525,1502,-15.07,-5.81,-4.68
10700,1548,1528,1486,1474,-13.62,-4.99,-3.86
10720,1540,1472,1512,1450,-13.8,-5.3,-4.66
10740,1508,1522,1469,1515,-14.07,-3.8,-3.55
10760,1546,1535,1501,1534,-15.33,-3.63,-3.92
10780,1461,1498,1464,1524,-16.09,-3.68,-3.73
10800,1549,1506,1505,1484,-15.4,-2.9,-3.88
10820,1478,1450,1528,1496,-15.93,-4.37,-3.46
10840,1486,1474,1456,1463,-14.52,-0.93,-4.33
10860,1526,1476,1470,1539,-13.45,-0.85,-3.46
10880,1463,1492,1495,1541,-13.77,-0.77,-3.79
10900,1460,1514,1495,1465,-16.34,-1.54,-2.89
10920,1511,1485,1489,1540,-16.07,-0.54,-3.71
10940,1490,1515,1540,1457,-13.85,-1.13,-3.08
10960,1481,1525,1545,1537,-14.34,-1.97,-3.92
10980,1492,1451,1473,1493,-14.03,1.4,-3.03
11000,1469,1473,1522,1462,-13.33,0.8,-2.88
11020,1508,1488,1542,1478,-14.64,0.97,-3.56
11040,1542,1491,1535,1510,-15.6,0.54,-3.69
11060,1517,1506,1450,1453,-13.96,2.21,-2.9
11080,1511,1534,1485,1524,-13.7,3.01,-3.08
11100,1517,1496,1450,1474,-16.36,0.72,-3.54
11120,1543,1539,1509,1528,-14.38,2.54,-3.54
11140,1477,1489,1473,1504,-14.03,0.78,-4.11
11160,1542,1453,1542,1493,-15.47,4.19,-3.84
11180,1509,1547,1495,1463,-13.62,4.21,-3.92
11200,1464,1478,1499,1509,-13.13,3.07,-2.59
11220,1452,1517,1472,1548,-14.71,4.1,-3.96
11240,1497,1508,1539,1508,-15.99,3.63,-2.18
11260,1474,1507,1527,1530,-14.8,2.5,-2.46
11280,1513,1499,1499,1537,-13.59,4.3,-3.39
11300,1536,1538,1491,1546,-15.92,5.03,-3.07
11320,1500,1508,1530,1467,-14.85,3.95,-2.28
11340,1519,1454,1507,1544,-14.8,6.85,-2.58
11360,1492,1513,1545,1472,-14.95,4.51,-2.04
11380,1477,1462,1510,1469,-13.48,4.38,-3.33
11400,1547,1526,1529,1490,-14.38,5.68,-2.71
11420,1463,1475,1503,1468,-13.81,8.1,-3.13
11440,1483,1509,1546,1452,-14.86,6.67,-1.9
11460,1543,1514,1516,1534,-12.11,8.68,-1.66
11480,1460,1538,1472,1455,-13.6,7.75,-3.41
11500,1549,1485,1450,1483,-15.08,6.38,-1.83
11520,1492,1523,1537,1545,-14.9,8.23,-1.87
11540,1522,1531,1546,1507,-13.87,9.11,-1.83
11560,1472,1547,1485,1526,-13.63,7.0,-2.82
11580,1525,1493,1498,1530,-12.83,10.05,-2.28
11600,1453,1497,1526,1497,-11.04,8.86,-2.19
11620,1535,1493,1540,1478,-11.5,7.11,-3.22
11640,1456,1506,1518,1548,-11.79,8.04,-1.42
11660,1514,1503,1454,1535,-11.81,11.01,-3.14
11680,1505,1483,1476,1528,-9.67,10.04,-1.27
11700,1501,1531,1501,1483,-10.76,9.01,-2.65
11720,1484,1521,1480,1450,-10.23,11.45,-1.1
11740,1500,1475,1542,1456,-12.66,11.26,-2.74
11760,1462,1519,1511,1527,-9.62,10.23,-1.73
11780,1453,1486,1533,1516,-12.45,11.78,-1.99
11800,1491,1460,1459,1512,-9.31,12.69,-2.68
11820,1519,1546,1538,1466,-12.18,9.91,-1.86
11840,1527,1467,1507,1451,-11.09,9.43,-0.84
11860,1542,1471,1542,1532,-9.91,11.18,-1.49
11880,1524,1503,1550,1529,-9.2,10.74,-2.49
11900,1515,1478,1530,1460,-10.76,12.72,-2.41
11920,1520,1549,1457,1523,-9.25,12.41,-1.6
11940,1527,1480,1503,1506,-10.26,10.97,-0.78
11960,1510,1490,1517,1471,-7.01,13.86,-0.6
11980,1515,1536,1523,1534,-10.27,13.22,-1.84
12000,1546,1500,1478,1479,-7.04,14.01,-2.1
12020,1529,1464,1514,1538,-6.16,14.49,-1.73
12040,1473,1531,1489,1467,-7.11,13.81,-0.46
12060,1550,1502,1545,1517,-5.71,12.15,-1.91
12080,1498,1469,1450,1476,-5.63,13.13,-0.88
12100,1462,1507,1532,1469,-8.42,13.93,-1.68
12120,1533,1545,1468,1539,-7.65,14.05,-0.49
12140,1535,1466,1461,1483,-5.22,12.74,-2.04
12160,1474,1490,1473,1482,-7.31,11.91,-0.51
12180,1549,1462,1507,1479,-7.09,14.45,-1.34
12200,1541,1517,1460,1492,-7.34,14.53,-1.82
12220,1533,1547,1518,1528,-3.6,12.87,-1.61
12240,1464,1524,1529,1464,-3.38,13.26,-1.69
12260,1454,1494,1514,1526,-4.2,14.16,-0.94
12280,1481,1492,1472,1533,-4.37,12.88,-1.02
12300,1523,1498,1528,1509,-1.96,15.94,-0.26
12320,1546,1497,1549,1518,-1.78,15.6,-0.61
12340,1456,1534,1454,1506,-1.68,16.35,-0.74
12360,1478,1534,1525,1481,-3.32,14.27,0.19
12380,1488,1477,1482,1515,-3.17,14.37,0.36
12400,1545,1511,1544,1521,-0.52,13.0,-0.38
12420,1508,1480,1474,1460,-3.55,13.14,-0.81
12440,1472,1538,1488,1471,-0.55,15.05,-1.3
12460,1509,1494,1516,1483,-3.13,14.73,0.18
12480,1522,1535,1529,1537,-0.19,15.91,0.73
12500,1500,1455,1523,1523,0.08,16.21,-0.32
12520,1543,1498,1498,1495,-2.05,13.62,-0.24
12540,1512,1541,1535,1496,0.69,13.43,-0.75
12560,1451,1511,1526,1488,-1.21,16.38,0.01
12580,1508,1482,1525,1536,1.46,14.1,-0.02
12600,1485,1477,1497,1489,-0.24,14.21,0.37
12620,1525,1491,1472,1550,2.4,13.01,-0.53
12640,1546,1547,1547,1522,2.85,13.37,0.55
12660,1518,1464,1547,1480,2.81,13.43,-0.56
12680,1493,1456,1504,1471,0.06,13.46,-0.21
12700,1514,1505,1496,1496,2.66,15.75,-0.03
12720,1474,1533,1510,1509,3.05,13.73,0.71
12740,1494,1479,1519,1468,1.15,16.31,0.91
12760,1468,1465,1529,1531,1.02,13.58,-0.3
12780,1515,1548,1530,1450,3.75,13.36,-0.12
12800,1451,1525,1515,1519,4.47,14.91,0.16
12820,1452,1521,1547,1463,5.18,14.89,1.31
12840,1548,1480,1517,1514,5.57,16.27,1.6
12860,1478,1527,1508,1464,4.02,13.59,1.1
12880,1486,1478,1519,1463,5.18,13.16,1.29
12900,1542,1488,1530,1509,6.44,13.81,-0.17
12920,1468,1474,1532,1487,4.15,13.76,1.4
12940,1481,1470,1482,1451,4.96,12.46,1.93
12960,1480,1455,1514,1530,4.44,15.05,1.88
12980,1482,1488,1519,1532,7.36,13.79,1.5
13000,1506,1469,1483,1452,4.82,14.5,1.66
13020,1454,1479,1518,1528,7.31,13.4,1.69
13040,1483,1454,1466,1517,5.21,13.69,1.33
13060,1487,1484,1540,1479,8.76,14.3,1.61
13080,1516,1461,1486,1502,6.61,13.12,1.01
13100,1523,1505,1467,1488,8.31,12.74,0.62
13120,1483,1459,1529,1545,7.9,11.37,2.32
13140,1503,1506,1547,1459,6.94,11.34,2.04
13160,1484,1500,1475,1541,7.13,13.12,1.07
13180,1479,1509,1483,1514,7.82,11.08,2.5
13200,1503,1466,1478,1550,7.54,10.33,1.78
13220,1549,1477,1524,1453,8.51,12.48,1.65
13240,1524,1524,1465,1545,8.52,10.86,1.0
13260,1476,1451,1515,1545,7.78,11.08,1.36
13280,1512,1457,1472,1534,11.2,12.38,0.82
13300,1543,1531,1526,1530,10.76,11.4,1.98
13320,1535,1504,1536,1535,12.18,11.32,2.46
13340,1498,1520,1485,1550,8.5,11.81,2.62
13360,1531,1498,1466,1482,11.38,10.81,1.8
13380,1464,1523,1477,1475,11.49,9.66,1.7
13400,1455,1471,1482,1528,10.74,11.65,2.25
13420,1469,1472,1543,1501,12.81,9.51,1.66
13440,1453,1498,1478,1519,11.62,11.09,2.02
13460,1543,1481,1489,1482,12.65,9.16,1.97
13480,1502,1534,1461,1506,13.57,10.53,1.29
13500,1494,1498,1515,1479,12.48,7.32,1.62
13520,1535,1540,1510,1529,11.61,9.6,2.19
13540,1507,1518,1524,1550,13.2,6.56,1.73
13560,1518,1485,1550,1532,13.26,8.38,2.42
13580,1524,1518,1542,1504,11.91,9.28,3.31
13600,1476,1533,1512,1491,12.25,9.63,2.12
13620,1513,1494,1499,1489,12.21,6.98,2.54
13640,1482,1505,1541,1478,11.97,6.99,2.4
13660,1458,1480,1489,1506,11.56,8.82,2.9
13680,1541,1523,1542,1533,13.07,8.61,2.1
13700,1534,1519,1485,1486,14.68,7.55,3.05
13720,1474,1532,1450,1457,12.18,7.34,1.82
13740,1512,1496,1541,1453,13.34,4.73,3.72
13760,1476,1479,1496,1535,14.29,4.79,2.71
13780,1451,1459,1533,1496,13.69,5.01,3.76
13800,1474,1550,1536,1458,13.15,3.45,2.19
13820,1516,1529,1502,1539,14.26,5.01,3.54
13840,1482,1463,1514,1451,12.95,4.48,3.57
13860,1504,1493,1548,1462,13.29,3.22,3.82
13880,1528,1512,1517,1463,13.83,5.27,3.3
13900,1487,1458,1466,1451,15.82,1.54,3.53
13920,1548,1541,1491,1526,15.56,3.66,3.98
13940,1469,1456,1489,1546,13.14,2.9,3.8
13960,1515,1493,1549,1475,14.74,1.52,3.37
13980,1532,1544,1468,1512,16.15,4.22,3.92
14000,1505,1471,1488,1529,16.41,2.8,2.81
14020,1536,1478,1544,1540,14.28,1.89,3.24
14040,1477,1517,1500,1507,15.87,3.23,2.57
14060,1451,1532,1496,1489,16.02,2.34,4.32
14080,1515,1483,1472,1544,13.45,-0.95,3.49
14100,1514,1509,1518,1524,14.06,0.18,3.66
14120,1502,1465,1472,1461,13.46,-0.64,4.33
14140,1496,1530,1498,1473,16.23,0.79,3.79
14160,1492,1500,1527,1517,15.33,1.46,3.04
14180,1494,1461,1464,1465,15.65,0.6,3.02
14200,1465,1540,1514,1477,13.13,0.07,3.37
14220,1501,1496,1508,1543,13.65,0.57,3.82
14240,1460,1541,1489,1541,14.99,0.33,4.33
14260,1499,1482,1492,1508,14.08,-0.26,3.38
14280,1514,1503,1530,1465,15.05,-1.8,3.64
14300,1450,1478,1486,1482,15.79,-3.79,4.26
14320,1454,1472,1518,1526,12.82,-1.09,3.31
14340,1465,1532,1453,1509,16.58,-3.29,4.83
14360,1455,1538,1511,1485,14.64,-3.61,4.84
14380,1463,1548,1501,1472,13.81,-4.11,3.18
14400,1535,1508,1497,1520,13.96,-5.15,4.06
14420,1491,1495,1507,1464,14.72,-5.71,4.44
14440,1490,1453,1532,1543,13.9,-3.01,4.61
14460,1525,1489,1528,1499,12.66,-5.68,4.89
14480,1515,1465,1485,1510,14.13,-3.52,3.77
14500,1501,1539,1543,1544,14.27,-6.78,3.58
14520,1530,1462,1530,1525,12.67,-4.01,3.53
14540,1504,1548,1546,1542,13.34,-6.31,4.88
14560,1498,1490,1467,1466,13.21,-4.48,4.19
14580,1484,1480,1477,1451,12.54,-5.17,4.74
14600,1461,1454,1461,1518,14.37,-7.66,4.16
14620,1527,1458,1462,1463,12.78,-8.07,3.83
14640,1497,1508,1507,1494,12.2,-7.41,3.81
14660,1489,1458,1463,1467,13.21,-5.88,3.48
14680,1486,1479,1525,1505,12.3,-9.67,3.45
14700,1499,1474,1535,1490,13.79,-8.88,5.15
14720,1499,1492,1488,1501,12.64,-9.53,4.52
14740,1486,1468,1535,1510,14.06,-6.75,4.65
14760,1532,1487,1505,1480,12.64,-8.92,3.61
14780,1451,1495,1548,1515,13.54,-9.09,4.41
14800,1531,1489,1502,1494,11.32,-9.68,3.99
14820,1461,1518,1544,1450,12.6,-9.61,5.44
14840,1515,1476,1479,1505,11.57,-9.88,4.55
14860,1451,1467,1484,1512,10.39,-8.37,3.87
14880,1496,1458,1535,1521,10.14,-9.66,5.25
14900,1543,1507,1494,1451,12.61,-9.15,4.81
14920,1489,1460,1450,1456,11.8,-8.91,3.78
14940,1533,1504,1494,1536,9.76,-11.3,5.23
14960,1471,1523,1509,1502,10.22,-10.88,4.49
14980,1487,1479,1521,1469,10.49,-11.22,4.75
15000,1450,1518,1535,1469,10.01,-13.14,5.4
15020,1481,1471,1510,1462,9.16,-10.53,4.25
15040,1465,1482,1497,1547,10.23,-11.5,3.83
15060,1496,1453,1477,1465,9.38,-13.02,4.22
15080,1467,1477,1548,1482,9.46,-10.68,5.32
15100,1471,1498,1520,1541,10.5,-11.62,4.58
15120,1486,1511,1515,1511,9.7,-12.06,5.41
15140,1513,1503,1545,1473,9.62,-11.09,4.39
15160,1462,1484,1481,1459,6.45,-11.85,5.56
15180,1512,1539,1499,1523,7.02,-14.38,3.97
15200,1503,1529,1467,1465,6.67,-13.86,4.41
15220,1451,1474,1491,1519,8.54,-11.54,5.84
15240,1476,1501,1534,1501,5.59,-14.95,4.1
15260,1517,1520,1512,1454,7.22,-13.78,5.43
15280,1464,1465,1538,1464,7.86,-15.52,4.08
15300,1517,1488,1525,1550,4.78,-12.71,4.99
15320,1482,1533,1479,1541,6.44,-14.37,4.14
15340,1524,1475,1495,1472,4.1,-14.0,5.12
15360,1485,1451,1479,1458,5.46,-13.35,5.48
15380,1503,1534,1539,1451,5.08,-15.88,5.86
15400,1550,1530,1526,1482,3.05,-13.15,5.58
15420,1535,1492,1453,1515,3.05,-15.84,5.34
15440,1462,1544,1468,1459,4.4,-14.95,5.76
15460,1512,1508,1471,1538,5.08,-12.84,5.88
15480,1463,1474,1474,1513,4.04,-14.12,5.61
15500,1466,1518,1542,1533,2.35,-15.06,5.6
15520,1455,1459,1455,1451,2.08,-12.97,5.28
15540,1514,1474,1547,1450,2.43,-14.9,4.95
15560,1512,1472,1501,1506,1.45,-15.69,5.33
15580,1485,1516,1465,1473,0.01,-15.08,5.63
15600,1493,1473,1473,1494,0.85,-16.25,5.42
15620,1541,1469,1453,1496,2.24,-13.08,4.97
15640,1507,1495,1493,1518,-0.82,-13.81,4.86
15660,1496,1537,1474,1517,0.82,-13.25,5.87
15680,1505,1487,1541,1451,0.95,-14.0,4.5
15700,1465,1550,1542,1534,-0.8,-16.06,4.56
15720,1477,1528,1462,1541,0.6,-15.18,4.17
15740,1546,1530,1499,1479,0.13,-13.5,4.78
15760,1496,1505,1497,1450,0.31,-14.64,5.48
15780,1538,1486,1456,1535,-1.43,-16.24,4.6
15800,1489,1515,1462,1515,-3.26,-13.27,4.97
15820,1492,1535,1481,1538,-1.94,-15.98,4.15
15840,1480,1501,1532,1525,-2.29,-16.02,4.29
15860,1466,1536,1537,1540,-2.92,-12.95,5.61
15880,1472,1538,1548,1528,-1.94,-13.02,4.83
15900,1529,1461,1451,1493,-1.76,-15.73,5.09
15920,1455,1469,1533,1527,-1.16,-12.93,4.34
15940,1526,1472,1545,1510,-3.06,-15.25,4.3
15960,1508,1529,1453,1540,-5.25,-13.17,5.48
15980,1467,1453,1469,1493,-5.83,-14.63,4.58
16000,1487,1474,1463,1534,-4.82,-13.65,4.91
16020,1506,1541,1501,1482,-4.61,-15.03,4.73
16040,1534,1467,1533,1547,-5.07,-16.12,4.93
16060,1461,1503,1481,1490,-6.66,-13.57,4.22
16080,1518,1468,1484,1470,-3.71,-12.13,3.97
16100,1469,1528,1484,1519,-5.08,-12.84,4.54
16120,1550,1528,1473,1490,-7.26,-13.51,5.78
16140,1502,1545,1467,1494,-6.79,-12.86,5.75
16160,1511,1494,1535,1500,-5.35,-15.2,5.17
16180,1482,1543,1459,1469,-6.33,-12.71,5.34
16200,1482,1474,1462,1537,-5.19,-15.14,5.83
16220,1544,1499,1521,1543,-6.78,-12.51,4.46
16240,1528,1546,1491,1519,-6.54,-11.32,5.25
16260,1530,1521,1534,1509,-7.39,-12.07,4.36
16280,1451,1463,1542,1537,-6.19,-11.8,5.74
16300,1538,1506,1461,1463,-8.4,-10.55,5.78
16320,1528,1467,1525,1476,-8.69,-11.71,4.4
16340,1507,1460,1476,1462,-9.46,-10.84,4.53
16360,1470,1470,1452,1541,-10.7,-12.64,5.36
16380,1477,1468,1462,1472,-9.93,-13.48,4.39
16400,1543,1513,1528,1508,-9.65,-12.22,4.38
16420,1489,1507,1499,1540,-7.92,-10.87,4.79
16440,1474,1485,1457,1451,-11.61,-10.49,4.86
16460,1469,1496,1521,1469,-8.47,-11.69,4.23
16480,1528,1548,1453,1544,-12.19,-9.24,5.02
16500,1494,1451,1458,1471,-11.43,-10.72,5.1
16520,1503,1452,1479,1456,-9.27,-8.41,5.03
16540,1526,1526,1454,1453,-11.26,-8.8,4.23
16560,1489,1508,1542,1532,-11.91,-10.54,5.12
16580,1502,1499,1494,1527,-12.52,-9.32,4.71
16600,1524,1549,1521,1459,-12.87,-9.84,4.23
16620,1472,1450,1455,1518,-13.16,-9.29,4.37
16640,1461,1530,1485,1454,-12.16,-9.93,4.08
16660,1463,1543,1494,1524,-10.23,-8.91,3.74
16680,1527,1488,1536,1493,-12.32,-7.5,3.87
16700,1479,1513,1528,1530,-13.95,-9.1,4.18
16720,1483,1538,1518,1477,-12.6,-9.42,4.62
16740,1472,1509,1472,1471,-14.19,-5.94,4.45
16760,1508,1465,1545,1489,-14.78,-6.5,4.2
16780,1549,1528,1498,1489,-11.88,-7.07,4.22
16800,1550,1508,1524,1517,-12.87,-7.85,3.68
16820,1474,1467,1538,1464,-12.22,-6.29,4.4
16840,1542,1500,1519,1491,-15.17,-6.2,3.71
16860,1468,1491,1516,1530,-13.33,-6.24,4.61
16880,1488,1478,1489,1509,-13.26,-7.78,4.6
16900,1509,1534,1546,1532,-15.04,-6.63,4.1
16920,1523,1538,1513,1451,-14.25,-6.26,3.48
16940,1505,1490,1503,1539,-14.16,-6.86,4.22
16960,1479,1451,1477,1536,-15.63,-4.06,4.78
16980,1544,1529,1536,1476,-14.51,-3.54,3.12
17000,1510,1542,1474,1495,-12.88,-2.82,4.88
17020,1451,1506,1462,1495,-15.57,-4.88,4.02
17040,1521,1492,1545,1529,-15.33,-4.05,4.57
17060,1513,1503,1478,1550,-13.43,-1.31,3.34
17080,1528,1481,1543,1482,-16.45,-2.17,3.9
17100,1509,1458,1456,1465,-15.19,-3.04,4.02
17120,1490,1531,1545,1467,-16.34,-3.53,3.18
17140,1483,1478,1537,1468,-13.18,-0.17,4.17
17160,1528,1461,1528,1453,-15.51,-2.82,3.1
17180,1515,1522,1453,1549,-12.95,-3.35,3.33
17200,1505,1513,1514,1455,-14.29,-1.3,2.95
17220,1509,1531,1541,1493,-16.2,-0.24,3.24
17240,1468,1528,1513,1532,-13.92,-0.86,2.75
17260,1506,1496,1456,1457,-16.21,-1.85,2.77
17280,1521,1512,1501,1455,-15.64,-0.3,2.84
17300,1541,1493,1535,1478,-15.73,-1.0,4.43
17320,1476,1550,1475,1458,-13.64,-1.19,2.84
17340,1512,1481,1549,1472,-14.34,0.52,3.97
17360,1527,1459,1533,1511,-15.11,-0.06,3.53
17380,1516,1524,1456,1536,-14.78,0.53,2.57
17400,1540,1498,1537,1475,-14.12,0.88,3.91
17420,1491,1549,1495,1525,-13.45,1.61,3.16
17440,1492,1510,1500,1460,-14.86,0.77,2.43
17460,1508,1544,1490,1464,-14.54,4.13,2.58
17480,1459,1469,1489,1491,-15.58,3.51,3.17
17500,1510,1540,1509,1473,-15.63,1.37,3.47
17520,1521,1476,1486,1486,-16.34,3.53,3.81
17540,1535,1540,1465,1523,-15.36,5.77,3.58
17560,1509,1523,1549,1489,-13.14,5.96,3.24
17580,1468,1503,1465,1457,-12.92,6.34,2.51
17600,1488,1515,1533,1543,-12.42,4.9,3.07
17620,1453,1490,1451,1491,-13.24,4.87,3.34
17640,1544,1548,1453,1462,-14.99,3.95,2.06
17660,1541,1462,1517,1488,-13.05,6.19,2.85
17680,1471,1528,1450,1457,-12.6,6.52,2.33
17700,1525,1498,1524,1514,-12.8,7.89,3.48
17720,1492,1470,1491,1547,-14.3,6.69,1.79
17740,1491,1488,1526,1463,-13.7,5.11,3.01
17760,1515,1512,1452,1531,-14.84,7.67,2.15
17780,1490,1468,1542,1494,-12.75,5.68,1.89
17800,1496,1464,1519,1539,-12.1,7.5,2.98
17820,1518,1515,1536,1461,-13.86,9.03,2.69
17840,1482,1461,1492,1519,-13.63,7.24,1.77
17860,1497,1496,1479,1550,-12.57,6.61,2.05
17880,1481,1522,1467,1464,-10.83,8.57,2.71
17900,1507,1492,1508,1528,-11.4,9.1,1.84
17920,1541,1491,1532,1489,-11.71,8.48,2.32
17940,1483,1502,1544,1513,-13.17,10.59,2.75
17960,1471,1505,1472,1538,-9.85,8.72,2.02
17980,1508,1471,1498,1483,-12.84,8.8,2.72
18000,1503,1481,1492,1500,-12.29,11.34,2.99
18020,1546,1524,1541,1456,-12.59,10.78,2.43
18040,1459,1497,1550,1471,-9.76,9.48,1.77
18060,1516,1457,1482,1536,-12.13,9.19,2.76
18080,1487,1467,1459,1477,-11.06,11.12,2.18
18100,1480,1464,1481,1451,-8.28,10.29,1.44
18120,1507,1475,1486,1519,-10.83,10.07,2.22
18140,1506,1530,1463,1494,-10.16,10.7,2.39
18160,1525,1451,1501,1538,-9.56,12.34,0.99
18180,1472,1485,1545,1543,-10.22,12.97,1.68
18200,1464,1508,1507,1517,-11.07,13.18,1.95
18220,1487,1488,1527,1542,-8.98,12.74,1.03
18240,1545,1532,1458,1454,-6.92,11.64,2.15
18260,1485,1525,1549,1547,-9.06,10.84,0.69
18280,1530,1536,1547,1480,-9.5,13.77,1.49
18300,1532,1469,1490,1503,-6.44,12.5,0.51
18320,1542,1476,1513,1524,-8.7,11.22,1.23
18340,1490,1462,1544,1529,-7.22,13.41,0.77
18360,1456,1488,1544,1531,-8.08,12.62,0.3
18380,1489,1462,1535,1475,-6.19,13.12,1.86
18400,1452,1529,1529,1465,-6.71,13.17,1.43
18420,1465,1460,1543,1550,-8.19,12.54,0.85
18440,1451,1481,1526,1497,-7.94,14.19,1.93
18460,1545,1538,1455,1534,-4.4,13.8,1.73
18480,1469,1468,1517,1516,-7.16,15.24,0.43
18500,1470,1469,1527,1466,-3.59,15.84,0.81
18520,1473,1529,1516,1451,-6.72,15.96,0.18
18540,1524,1518,1539,1470,-5.95,16.27,0.48
18560,1453,1468,1501,1451,-2.96,13.42,0.75
18580,1542,1498,1456,1466,-2.41,15.11,1.65
18600,1484,1539,1507,1455,-3.25,15.5,0.01
18620,1523,1477,1456,1522,-5.01,16.1,0.69
18640,1505,1454,1470,1502,-4.86,13.27,-0.24
18660,1516,1485,1532,1524,-4.24,15.28,0.83
18680,1522,1469,1466,1545,-0.9,15.47,0.82
18700,1473,1546,1537,1461,-4.16,14.84,0.5
18720,1545,1470,1546,1524,-0.04,14.52,1.2
18740,1535,1470,1528,1538,-2.23,15.7,1.04
18760,1544,1454,1517,1518,-0.54,14.18,0.74
18780,1508,1501,1466,1512,-0.08,15.82,0.57
18800,1521,1488,1529,1463,-1.1,14.02,0.93
18820,1458,1488,1499,1493,-0.58,15.77,-0.22
18840,1461,1512,1451,1491,1.53,15.44,-0.81
18860,1450,1476,1520,1537,1.58,13.51,-0.15
18880,1489,1504,1457,1487,1.22,16.54,0.44
18900,1516,1501,1521,1531,2.5,14.58,-1.06
18920,1474,1540,1488,1539,1.34,14.87,0.06
18940,1475,1534,1454,1456,1.32,16.7,-0.24
18960,1534,1537,1510,1467,0.11,13.44,0.39
18980,1464,1518,1550,1468,2.19,13.21,0.45
19000,1471,1525,1492,1503,0.67,13.49,-0.54
19020,1461,1501,1542,1544,2.41,13.87,-0.09
19040,1509,1513,1515,1515,2.65,16.64,0.36
19060,1531,1497,1520,1471,4.91,13.35,-1.36
19080,1504,1480,1540,1479,4.46,16.58,-0.85
19100,1547,1497,1482,1547,3.26,15.73,-1.13
19120,1477,1484,1480,1548,5.88,13.72,-1.43
19140,1505,1459,1477,1459,4.39,13.7,-1.38
19160,1546,1485,1524,1526,3.03,14.17,-0.71
19180,1522,1505,1532,1484,4.18,15.24,0.08
19200,1471,1461,1492,1489,4.59,12.45,-0.28
19220,1502,1516,1453,1540,5.92,12.51,-0.31
19240,1528,1480,1521,1518,4.36,14.77,-0.9
19260,1495,1516,1508,1457,4.15,12.54,-0.8
19280,1544,1522,1529,1459,6.49,13.49,-1.96
19300,1545,1450,1497,1528,6.15,12.46,-0.87
19320,1541,1514,1456,1541,7.24,13.18,-2.16
19340,1515,1517,1486,1503,7.86,14.78,-1.78
19360,1489,1466,1458,1455,8.98,11.75,-1.39
19380,1547,1453,1526,1450,6.02,13.63,-0.89
19400,1488,1487,1503,1460,6.69,14.17,-2.13
19420,1452,1509,1547,1545,9.37,14.29,-1.2
19440,1457,1505,1484,1491,6.58,13.52,-1.02
19460,1526,1509,1473,1533,6.82,11.92,-1.0
19480,1548,1484,1541,1497,7.62,13.05,-0.89
19500,1516,1501,1457,1500,7.86,13.18,-0.96
19520,1515,1479,1481,1511,9.27,10.34,-1.4
19540,1489,1529,1510,1462,8.47,11.66,-1.09
19560,1481,1463,1510,1543,9.58,12.93,-1.25
19580,1517,1470,1491,1503,8.84,10.26,-1.42
19600,1534,1539,1484,1493,11.16,10.01,-2.2
19620,1533,1476,1509,1491,10.78,11.66,-1.97
19640,1546,1475,1527,1513,11.09,12.04,-2.91
19660,1529,1452,1529,1521,9.94,10.32,-1.94
19680,1482,1456,1476,1484,10.56,10.71,-1.66
19700,1475,1503,1525,1475,12.29,10.68,-1.67
19720,1504,1499,1472,1528,13.44,10.48,-2.89
19740,1536,1470,1525,1480,13.32,8.19,-2.57
19760,1488,1504,1550,1469,10.13,8.77,-2.83
19780,1502,1477,1548,1536,10.65,10.19,-2.05
19800,1484,1543,1514,1533,13.25,8.45,-2.01
19820,1496,1501,1504,1484,11.23,9.06,-1.69
19840,1502,1526,1477,1500,13.64,9.54,-1.92
19860,1462,1488,1459,1497,11.91,8.69,-2.36
19880,1523,1540,1532,1527,14.13,6.27,-2.88
19900,1494,1502,1540,1516,12.23,8.51,-3.32
19920,1483,1476,1550,1521,14.06,8.86,-2.8
19940,1459,1541,1541,1489,13.05,7.49,-1.87
19960,1454,1485,1513,1496,14.39,5.27,-3.52
19980,1469,1533,1466,1530,12.3,5.72,-2.12
